lon,lat,x,y,x_boundary,gap_m
-178.289,-47.454,-14852881.178,-5056554.884,-14995395.393,142514.214
-178.314,-47.301,-14869339.267,-5040621.218,-15009946.459,140607.192
-178.348,-47.137,-14887691.643,-5023454.815,-15025553.435,137861.792
-178.266,-46.818,-14910587.302,-4990145.074,-15055640.459,145053.156
-178.077,-46.345,-14938493.618,-4940737.741,-15099825.285,161331.667
-177.782,-46.038,-14941868.021,-4908586.153,-15128320.911,186452.890
-177.463,-45.920,-14925828.942,-4896212.658,-15139237.828,213408.886
-177.226,-45.719,-14924183.735,-4875168.358,-15157745.541,233561.805
-176.943,-45.566,-14914185.588,-4859067.833,-15171857.497,257671.909
-176.494,-45.542,-14878481.383,-4856590.235,-15174025.559,295544.176
-176.270,-45.400,-14872286.634,-4841721.361,-15187017.779,314731.145
-175.597,-45.081,-14843909.859,-4808246.139,-15216155.588,372245.729
-175.136,-44.798,-14830073.999,-4778468.890,-15241955.854,411881.855
-174.767,-44.608,-14815514.219,-4758538.652,-15259160.172,443645.953
-174.417,-44.425,-14801920.182,-4739258.718,-15275751.358,473831.176
-174.117,-44.292,-14788104.464,-4725231.554,-15287788.668,499684.204
-173.767,-44.158,-14769973.826,-4711199.894,-15299800.242,529826.416
-173.294,-44.152,-14730324.291,-4710545.353,-15300359.810,570035.519
-172.731,-44.185,-14679634.913,-4714029.178,-15297380.714,617745.802
-172.135,-44.053,-14640386.753,-4700092.233,-15309287.061,668900.308
-171.573,-44.053,-14592528.260,-4700092.233,-15309287.061,716758.801
-170.927,-43.705,-14567183.853,-4663487.128,-15340407.782,773223.929
-170.381,-43.440,-14542950.351,-4635577.834,-15363979.219,821028.868
-170.017,-43.175,-14534043.460,-4607581.671,-15387478.617,853435.157
-169.583,-43.075,-14505305.522,-4597031.325,-15396294.804,890989.283
-169.150,-42.975,-14476505.924,-4586478.667,-15405090.548,928584.625
-168.900,-42.942,-14457856.735,-4582960.604,-15408017.835,950161.100
-168.733,-42.858,-14450440.552,-4574164.336,-15415325.757,964885.205
-168.642,-42.783,-14448740.299,-4566246.347,-15421890.123,973149.824
-168.508,-42.500,-14460426.613,-4536322.532,-15446576.075,986149.462
-168.508,-42.467,-14463134.137,-4532800.910,-15449468.242,986334.105
-168.642,-42.283,-14489437.300,-4513427.631,-15465328.144,975890.844
-168.700,-42.258,-14496470.279,-4510785.254,-15467484.589,971014.310
-169.033,-42.192,-14530506.901,-4503738.252,-15473227.621,942720.720
-169.517,-42.108,-14578801.475,-4494928.153,-15480390.909,901589.433
-170.117,-41.942,-14643892.862,-4477303.511,-15494664.731,850771.869
-170.900,-41.775,-14724806.971,-4459673.011,-15508866.324,784059.353
-171.150,-41.742,-14749039.301,-4456146.215,-15511697.775,762658.474
-171.417,-41.725,-14773366.741,-4454382.731,-15513112.378,739745.637
-172.050,-41.692,-14830652.005,-4450855.590,-15515939.325,685287.320
-172.450,-41.675,-14866484.970,-4449091.933,-15517351.665,650866.695
-172.900,-41.642,-14907989.424,-4445564.449,-15520174.067,612184.644
-173.317,-41.608,-14946630.421,-4442036.736,-15522993.417,576362.996
-173.617,-41.558,-14976575.568,-4436744.740,-15527216.678,550641.110
-174.267,-41.442,-15042160.124,-4424394.769,-15537043.739,494883.615
-175.250,-41.342,-15135209.351,-4413806.891,-15545436.138,410226.787
-175.867,-41.242,-15196638.267,-4403217.012,-15553799.591,357161.324
-177.067,-41.042,-15316697.232,-4382031.320,-15570437.698,253740.466
-178.400,-40.875,-15445683.702,-4364370.618,-15584210.013,138526.311
-179.467,-40.708,-15551679.580,-4346704.588,-15597895.567,46215.987
-179.683,-40.675,-15573176.527,-4343170.750,-15600622.066,27445.539
-179.999,-40.658,-15601897.297,-4341403.752,-15601983.974,86.678
-180.000,-40.650,-15602675.750,-4340505.710,-15602675.779,0.029
-179.996,-38.720,-15753568.243,-4135554.715,-15753934.227,365.984
-179.999,-37.159,-15867384.882,-3969363.863,-15867473.035,88.153
-179.811,-36.793,-15876360.578,-3930389.368,-15893048.278,16687.701
-179.625,-36.533,-15877833.958,-3902677.868,-15911006.955,33172.997
-179.371,-36.179,-15879497.107,-3864924.483,-15935181.715,55684.607
-179.044,-35.542,-15893004.476,-3797003.490,-15977864.691,84860.215
-178.539,-34.706,-15902362.747,-3707724.595,-16032493.150,130130.403
-178.294,-34.241,-15909909.126,-3658129.033,-16062142.544,152233.418
-177.981,-33.580,-15922879.135,-3587448.623,-16103506.803,180627.668
-177.810,-33.191,-15931087.245,-3545926.755,-16127302.762,196215.517
-177.719,-32.880,-15941510.975,-3512688.167,-16146075.154,204564.179
-177.666,-32.696,-15947544.030,-3493052.948,-16157047.073,209503.044
-177.666,-32.691,-15947826.154,-3492510.714,-16157348.815,209522.662
-177.428,-32.165,-15956998.386,-3436280.480,-16188269.244,231270.858
-177.301,-31.793,-15966587.297,-3396595.573,-16209641.872,243054.575
-177.057,-31.339,-15969777.096,-3348074.034,-16235254.541,265477.446
-176.919,-31.037,-15973774.520,-3315827.155,-16251953.796,278179.276
-176.690,-30.678,-15972290.675,-3277408.893,-16271505.583,299214.908
-176.547,-30.322,-15978006.591,-3239322.692,-16290512.931,312506.340
-176.309,-29.814,-15982316.322,-3185072.017,-16316927.405,334611.083
-176.153,-29.469,-15985311.460,-3148237.912,-16334414.190,349102.730
-176.078,-29.065,-15998090.060,-3105093.804,-16354435.027,356344.968
-175.995,-28.697,-16007972.908,-3065755.241,-16372255.595,364282.687
-175.892,-28.290,-16017352.541,-3022268.868,-16391472.727,374120.186
-175.887,-28.272,-16017764.621,-3020301.621,-16392330.095,374565.474
-175.885,-28.264,-16017939.893,-3019463.347,-16392695.118,374755.224
-175.785,-27.784,-16030267.300,-2968237.717,-16414643.536,384376.236
-175.695,-27.462,-16036073.762,-2933770.849,-16429015.303,392941.541
-175.608,-27.145,-16041605.177,-2899958.269,-16442804.467,401199.290
-175.542,-26.864,-16047221.273,-2869963.637,-16454779.717,407558.444
-175.486,-26.650,-16050844.374,-2847058.836,-16463761.673,412917.299
-175.423,-26.437,-16053674.271,-2824332.861,-16472534.210,418859.939
-175.415,-26.025,-16069129.139,-2780279.041,-16489144.286,420015.148
-175.385,-25.759,-16076566.907,-2751896.590,-16499569.273,423002.366
-175.316,-25.581,-16076919.686,-2732857.265,-16506441.092,429521.406
-175.212,-25.340,-16076224.694,-2707175.257,-16515555.971,439331.277
-175.203,-25.186,-16080992.818,-2690699.916,-16521309.852,440317.034
-175.194,-25.034,-16085608.505,-2674466.772,-16526907.711,441299.205
-175.228,-24.776,-16097858.121,-2646895.916,-16536254.367,438396.246
-175.197,-24.426,-16107073.796,-2609442.711,-16548638.641,441564.845
-175.138,-24.156,-16110708.727,-2580614.253,-16557940.697,447231.971
-175.053,-23.914,-16110837.020,-2554840.629,-16566097.739,455260.719
-174.985,-23.750,-16109877.311,-2537259.880,-16571579.941,461702.630
-174.926,-23.652,-16107584.949,-2526796.798,-16574812.375,467227.426
-174.829,-23.492,-16103765.241,-2509680.795,-16580053.157,476287.916
-174.663,-23.221,-16096940.973,-2480703.454,-16588798.859,491857.886
-174.489,-22.906,-16090560.530,-2447083.338,-16598759.207,508198.678
-174.388,-22.729,-16086539.159,-2428215.025,-16604267.791,517728.633
-174.139,-22.290,-16076650.677,-2381274.078,-16617742.849,541092.171
-173.903,-21.772,-16069818.076,-2325935.032,-16633263.280,563445.204
-173.818,-21.526,-16068994.414,-2299706.197,-16640503.254,571508.840
-173.658,-21.143,-16065012.809,-2258786.411,-16651676.022,586663.214
-173.492,-20.770,-16059984.281,-2218881.995,-16662455.471,602471.189
-173.218,-20.204,-16050219.283,-2158438.935,-16678633.116,628413.832
-173.053,-19.779,-16046556.893,-2113011.339,-16690726.198,644169.305
-172.970,-19.461,-16047525.756,-2079038.389,-16699743.517,652217.761
-172.849,-18.989,-16049123.036,-2028637.443,-16713051.627,663928.591
-172.693,-18.620,-16044546.279,-1989225.679,-16723377.684,678831.404
-172.698,-18.483,-16048621.525,-1974598.903,-16727187.776,678566.251
-172.646,-18.324,-16048069.020,-1957544.197,-16731613.178,683544.158
-172.540,-17.935,-16048428.222,-1916012.274,-16742303.698,693875.475
-172.445,-17.677,-16046321.389,-1888428.334,-16749327.902,703006.513
-172.419,-17.526,-16047768.336,-1872306.374,-16753402.152,705633.816
-172.373,-17.265,-16050234.624,-1844451.205,-16760382.851,710148.226
-172.335,-16.963,-16054315.961,-1812182.722,-16768369.008,714053.047
-172.254,-16.656,-16054386.025,-1779421.619,-16776356.530,721970.505
-172.230,-16.442,-16057473.506,-1756527.703,-16781860.479,724386.973
-172.238,-16.235,-16063213.379,-1734466.299,-16787099.743,723886.363
-172.231,-16.014,-16067818.583,-1710769.920,-16792652.913,724834.330
-172.242,-15.840,-16073041.989,-1692173.250,-16796954.439,723912.450
-172.270,-15.654,-16079968.869,-1672308.623,-16801491.890,721523.021
-172.337,-15.503,-16089716.074,-1656247.858,-16805115.537,715399.464
-172.428,-15.373,-16101146.805,-1642374.468,-16808212.268,707065.463
-172.491,-15.293,-16108822.345,-1633819.661,-16810106.008,701283.664
-172.671,-15.104,-16129938.500,-1613560.625,-16814541.288,684602.789
-172.774,-15.033,-16141100.322,-1606009.087,-16816176.380,675076.058
-172.939,-14.867,-16160168.504,-1588263.680,-16819978.899,659810.394
-173.101,-14.732,-16178231.812,-1573829.942,-16823030.887,644799.074
-173.273,-14.697,-16195074.177,-1570080.922,-16823817.628,628743.451
-173.358,-14.625,-16204547.935,-1562449.339,-16825411.542,620863.606
-173.423,-14.582,-16211510.581,-1557846.399,-16826367.991,614857.409
-173.484,-14.575,-16217398.503,-1557079.499,-16826526.987,609128.484
-173.597,-14.562,-16228205.316,-1555671.920,-16826818.545,598613.229
-173.661,-14.554,-16234416.345,-1554862.940,-16826985.957,592569.612
-173.836,-14.534,-16251191.289,-1552678.028,-16827437.539,576246.250
-174.083,-14.379,-16277559.913,-1536151.147,-16830826.585,553266.672
-174.258,-14.367,-16294139.643,-1534894.178,-16831082.414,536942.771
-174.639,-14.342,-16330309.421,-1532152.077,-16831639.566,501330.146
-174.754,-14.334,-16341254.209,-1531322.348,-16831807.899,490553.690
-175.195,-14.392,-16381270.535,-1537493.669,-16830553.043,449282.509
-175.413,-14.420,-16401056.215,-1540518.308,-16829935.629,428879.415
-175.636,-14.449,-16421293.736,-1543581.772,-16829308.681,408014.945
-176.217,-14.175,-16481374.468,-1514346.767,-16835225.977,353851.509
-176.583,-14.025,-16518789.644,-1498321.981,-16838407.566,319617.921
-177.033,-13.808,-16565330.280,-1475175.059,-16842926.664,277596.384
-177.450,-13.708,-16606344.898,-1464491.860,-16844982.145,238637.247
-177.817,-13.625,-16642336.555,-1455589.193,-16846680.550,204343.996
-178.183,-13.542,-16678322.148,-1446686.524,-16848365.840,170043.692
-178.550,-13.458,-16714301.655,-1437783.854,-16850038.073,135736.418
-179.000,-13.375,-16758076.766,-1428881.183,-16851697.306,93620.541
-179.367,-13.308,-16793717.726,-1421759.045,-16853015.373,59297.647
-179.533,-13.275,-16809976.607,-1418197.975,-16853671.310,43694.703
-179.600,-13.275,-16816218.707,-1418197.975,-16853671.310,37452.603
-179.999,-13.375,-16851603.686,-1428881.183,-16851697.306,93.621
-179.997,-12.200,-16873511.904,-1303322.104,-16873747.124,235.221
-179.997,-11.185,-16890598.463,-1194952.523,-16890833.922,235.459
-179.997,-10.447,-16901965.096,-1116079.976,-16902200.713,235.617
-179.997,-9.079,-16920807.955,-969877.345,-16921043.835,235.880
-179.996,-7.860,-16935238.995,-839652.722,-16935611.178,372.183
-179.996,-6.670,-16947685.141,-712572.278,-16948057.598,372.457
-179.998,-6.084,-16953393.273,-649930.009,-16953620.325,227.052
-179.998,-5.048,-16962398.633,-539324.889,-16962625.805,227.172
-179.998,-3.996,-16970536.844,-426950.057,-16970764.125,227.281
-179.996,-3.153,-16975969.357,-336878.598,-16976375.078,405.721
-179.996,-2.168,-16981223.914,-231611.987,-16981629.761,405.847
-179.996,-1.366,-16984264.376,-145953.856,-16984670.296,405.920
-179.998,0.142,-16986578.158,15211.419,-16986779.675,201.517
-179.998,1.003,-16985432.813,107172.595,-16985634.316,201.503
-179.998,2.042,-16981983.238,218182.867,-16982184.700,201.462
-179.998,3.063,-16976718.173,327222.533,-16976919.573,201.400
-179.998,4.034,-16970289.163,431007.263,-16970490.486,201.323
-179.998,5.085,-16962167.937,543212.297,-16962325.665,157.728
-179.998,6.126,-16953076.954,654404.852,-16953234.597,157.644
-179.998,7.081,-16943783.391,756473.917,-16943940.948,157.557
-179.998,8.058,-16933216.713,860823.877,-16933374.172,157.459
-179.998,9.024,-16921582.919,964033.443,-16921740.270,157.351
-179.998,10.068,-16907473.544,1075575.175,-16907703.179,229.635
-179.998,11.068,-16892462.566,1182466.448,-16892691.997,229.431
-179.998,12.065,-16875896.720,1288878.387,-16876125.926,229.206
-179.998,13.011,-16858560.743,1390017.586,-16858789.713,228.971
-179.996,14.047,-16837576.764,1500678.203,-16837942.487,365.724
-179.996,15.049,-16815453.240,1607665.965,-16815818.483,365.243
-179.996,16.050,-16791383.755,1714652.540,-16791748.475,364.720
-179.998,17.047,-16765967.825,1821144.136,-16766162.512,194.687
-179.998,18.053,-16738860.567,1928687.216,-16739054.939,194.372
-179.998,18.987,-16712912.166,2028429.798,-16713106.237,194.071
-179.996,20.013,-16683739.498,2138013.191,-16684075.168,335.670
-179.996,21.057,-16653853.748,2249517.929,-16654188.816,335.068
-179.999,22.194,-16620553.682,2371055.374,-16620636.458,82.777
-179.996,23.091,-16592596.414,2466837.192,-16592930.249,333.836
-179.996,24.023,-16562126.750,2566391.779,-16562459.972,333.223
-179.995,25.044,-16526088.811,2675524.466,-16526545.134,456.323
-179.995,26.016,-16489033.373,2779350.761,-16489488.673,455.300
-179.995,27.061,-16445972.227,2890950.075,-16446426.338,454.111
-179.995,28.095,-16400043.339,3001443.597,-16400496.181,452.843
-179.995,29.088,-16352878.197,3107503.972,-16353329.737,451.540
-179.998,30.075,-16303211.966,3213015.088,-16303419.931,207.965
-179.998,30.976,-16255108.638,3309272.866,-16255315.989,207.351
-179.999,32.006,-16197319.174,3419325.334,-16197446.714,127.539
-179.999,33.076,-16134133.223,3533658.933,-16134260.265,127.042
-179.999,34.053,-16073907.025,3637995.087,-16074033.593,126.568
-179.999,35.005,-16013031.084,3739626.633,-16013157.172,126.088
-179.999,36.081,-15941690.467,3854473.346,-15941815.994,125.527
-179.999,37.039,-15875750.853,3956621.990,-15875875.860,125.007
-179.999,37.909,-15813660.307,4049324.774,-15813784.826,124.518
-179.999,39.050,-15728862.258,4170613.626,-15728986.108,123.851
-179.999,40.093,-15647500.513,4281450.251,-15647623.723,123.210
-179.998,41.039,-15570488.525,4381742.046,-15570664.003,175.477
-179.998,42.093,-15481566.518,4493265.120,-15481740.993,174.475
-179.998,43.017,-15401236.285,4590897.866,-15401409.855,173.570
-179.998,44.024,-15311672.544,4697093.200,-15311845.104,172.560
-179.998,45.050,-15218822.072,4804976.703,-15218993.586,171.514
-179.998,46.030,-15128899.534,4907738.043,-15129070.035,170.501
-179.997,47.015,-15036784.615,5010803.300,-15037010.817,226.202
-179.997,48.017,-14940985.948,5115258.768,-14941210.709,224.761
-179.997,49.077,-14836636.405,5225336.402,-14836859.597,223.191
-179.992,50.331,-14707706.551,5355127.222,-14708363.186,656.635
-179.605,50.331,-14676121.878,5355127.222,-14708363.186,32241.308
-179.149,50.341,-14637747.416,5356163.239,-14707311.090,69563.673
-178.807,50.326,-14611423.999,5354609.198,-14708889.092,97465.093
-178.280,50.386,-14562095.694,5360824.783,-14702571.979,140476.285
-177.939,50.291,-14544095.058,5350982.728,-14712567.780,168472.722
-177.301,50.386,-14482140.028,5360824.783,-14702571.979,220431.951
-176.714,50.497,-14422762.142,5372215.999,-14690955.425,268193.283
-176.257,50.585,-14376379.438,5381278.797,-14681677.247,305297.809
-175.608,50.624,-14319358.865,5385362.148,-14677486.451,358127.586
-175.106,50.722,-14268293.789,5395447.842,-14667107.814,398814.025
-174.597,50.911,-14207264.162,5414934.995,-14646944.266,439680.103
-174.238,50.886,-14180714.961,5412288.297,-14649691.319,468976.358
-173.782,50.925,-14139542.476,5416336.172,-14645488.883,505946.407
-173.042,50.999,-14071725.734,5423991.564,-14637524.226,565798.492
-172.263,51.096,-13998430.740,5433898.795,-14627183.971,628753.230
-171.556,51.185,-13931803.233,5443132.863,-14617513.184,685709.951
-169.638,51.369,-13757347.130,5462009.438,-14597645.230,840298.100
-168.460,51.655,-13632705.939,5491311.520,-14566545.066,933839.127
-167.628,51.882,-13542066.072,5514608.612,-14541596.911,999530.839
-166.760,52.095,-13450141.221,5536471.807,-14518008.767,1067867.546
-166.049,52.240,-13377870.122,5551328.451,-14501884.314,1124014.191
-164.280,52.742,-13184072.395,5602591.569,-14445664.239,1261591.844
-162.573,53.131,-13007196.222,5642327.241,-14401480.483,1394284.261
-161.394,53.392,-12886113.290,5668869.213,-14371681.031,1485567.741
-160.728,53.480,-12823877.484,5677863.177,-14361532.205,1537654.721
-160.180,53.572,-12770814.926,5687149.560,-14351026.615,1580211.690
-159.451,53.712,-12698312.453,5701448.424,-14334797.673,1636485.219
-158.710,53.807,-12629626.288,5711060.973,-14323851.949,1694225.660
-158.330,53.949,-12584923.462,5725466.222,-14307395.686,1722472.224
-158.286,53.965,-12579730.765,5727139.368,-14305480.214,1725749.449
-157.905,53.996,-12546350.997,5730272.093,-14301891.487,1755540.491
-157.259,54.091,-12485347.890,5739870.619,-14290877.324,1805529.434
-156.702,54.242,-12425834.178,5755171.905,-14273262.196,1847428.018
-156.360,54.328,-12389968.503,5763846.231,-14263245.252,1873276.749
-155.666,54.469,-12320583.510,5778217.288,-14246601.159,1926017.649
-155.186,54.657,-12263593.658,5797168.999,-14224560.196,1960966.538
-154.798,54.880,-12210347.832,5819672.576,-14198255.102,1987907.269
-154.104,55.136,-12129535.880,5845551.329,-14167830.904,2038295.024
-153.630,55.279,-12077651.757,5859990.952,-14150773.439,2073121.682
-153.175,55.453,-12024223.858,5877485.740,-14130029.598,2105805.740
-152.164,55.910,-11898541.214,5923429.612,-14075150.466,2176609.252
-151.071,56.273,-11776221.508,5959843.724,-14031240.809,2255019.301
-150.008,56.631,-11657069.827,5995662.668,-13987692.722,2330622.895
-149.394,56.926,-11579351.923,6025131.522,-13951600.618,2372248.695
-148.968,57.044,-11534341.651,6036892.409,-13937129.882,2402788.231
-148.257,57.347,-11448569.865,6067090.984,-13899799.508,2451229.643
-147.391,57.756,-11340221.566,6107738.157,-13849158.718,2508937.151
-146.849,58.040,-11269653.755,6135969.802,-13813720.126,2544066.371
-146.681,58.459,-11214002.976,6177404.155,-13761314.403,2547311.427
-146.260,58.726,-11154498.583,6203798.065,-13727687.572,2573188.989
-145.877,58.988,-11098480.688,6229641.405,-13694578.315,2596097.627
-145.606,59.071,-11069370.879,6237770.520,-13684126.090,2614755.211
-145.540,59.137,-11057601.435,6244272.953,-13675752.471,2618151.036
-145.326,59.156,-11039460.556,6246109.719,-13673385.060,2633924.503
-145.236,59.156,-11032560.736,6246126.493,-13673363.436,2640802.699
-145.144,59.146,-11026597.106,6245174.939,-13674590.015,2647992.908
-145.055,59.135,-11021033.710,6244034.876,-13676059.261,2655025.551
-144.978,59.124,-11016199.110,6243037.539,-13677344.281,2661145.171
-144.921,59.119,-11012413.781,6242514.179,-13678018.497,2665604.716
-144.878,59.119,-11009164.828,6242464.319,-13678082.726,2668917.897
-144.834,59.121,-11005606.190,6242725.950,-13677745.694,2672139.504
-144.791,59.128,-11001567.886,6243401.458,-13676875.421,2675307.534
-144.745,59.140,-10996879.218,6244591.971,-13675341.353,2678462.135
-144.686,59.159,-10990446.191,6246458.732,-13672935.113,2682488.922
-144.612,59.183,-10982381.496,6248800.013,-13669915.879,2687534.383
-144.538,59.207,-10974321.782,6251175.989,-13666850.380,2692528.598
-144.480,59.227,-10967905.922,6253146.503,-13664306.846,2696400.924
-144.428,59.239,-10962716.720,6254298.140,-13662819.826,2700103.107
-144.366,59.243,-10957556.163,6254742.385,-13662246.111,2704689.948
-144.259,59.246,-10949219.662,6254966.957,-13661956.068,2712736.407
-144.187,59.248,-10943542.497,6255196.269,-13661659.892,2718117.395
-144.071,59.251,-10934449.022,6255459.073,-13661320.438,2726871.416
-143.949,59.255,-10924726.454,6255892.738,-13660760.250,2736033.795
-143.859,59.263,-10917155.675,6256647.212,-13659785.534,2742629.860
-143.803,59.273,-10911829.756,6257681.319,-13658449.305,2746619.549
-143.756,59.284,-10907138.914,6258756.709,-13657059.422,2749920.507
-143.719,59.294,-10903295.146,6259739.193,-13655789.340,2752494.193
-143.692,59.302,-10900509.643,6260494.916,-13654812.220,2754302.577
-143.671,59.309,-10898151.950,6261189.163,-13653914.448,2755762.498
-143.650,59.317,-10895805.787,6261940.178,-13652943.120,2757137.333
-143.634,59.323,-10894006.333,6262542.825,-13652163.572,2758157.239
-143.628,59.325,-10893286.952,6262789.030,-13651845.068,2758558.116
-143.619,59.327,-10892418.203,6262968.423,-13651612.985,2759194.782
-143.597,59.331,-10890337.605,6263370.871,-13651092.301,2760754.695
-143.570,59.336,-10887829.246,6263800.153,-13650536.852,2762707.606
-143.488,59.331,-10882064.762,6263362.526,-13651103.098,2769038.335
-143.383,59.310,-10876220.211,6261321.064,-13653743.864,2777523.653
-143.000,59.196,-10858699.373,6250062.525,-13668287.169,2809587.796
-142.705,59.106,-10845293.649,6241264.507,-13679628.078,2834334.429
-142.515,59.055,-10836006.728,6236184.887,-13686166.271,2850159.543
-142.325,59.003,-10826783.529,6231066.670,-13692747.043,2865963.514
-142.136,58.950,-10817621.264,6225912.144,-13699367.294,2881746.030
-141.947,58.898,-10808521.125,6220720.956,-13706027.321,2897506.195
-141.843,58.871,-10803300.807,6218044.040,-13709458.799,2906157.992
-141.739,58.843,-10798100.012,6215355.642,-13712903.033,2914803.021
-141.636,58.816,-10792917.319,6212656.252,-13716359.369,2923442.050
-141.532,58.789,-10787751.307,6209946.358,-13719827.158,2932075.851
-141.367,58.753,-10778688.801,6206450.460,-13724297.825,2945609.023
-141.202,58.717,-10769667.072,6202927.661,-13728799.525,2959132.453
-141.038,58.681,-10760687.460,6199377.557,-13733332.698,2972645.239
-140.874,58.645,-10751747.131,6195801.136,-13737896.004,2986148.874
-140.738,58.609,-10744924.856,6192225.852,-13742454.376,2997529.520
-140.602,58.573,-10738132.065,6188632.066,-13747032.827,3008900.762
-140.499,58.545,-10732989.178,6185886.599,-13750528.156,3017538.978
-140.183,58.442,-10718951.048,6175695.398,-13763484.880,3044533.831
-140.167,58.438,-10717996.814,6175381.520,-13763883.483,3045886.669
-139.985,58.343,-10713375.986,6165945.510,-13775854.029,3062478.043
-139.823,58.260,-10709133.164,6157710.139,-13786281.593,3077148.430
-139.590,58.152,-10701665.408,6147056.366,-13799743.866,3098078.458
-139.272,58.065,-10685710.322,6138444.870,-13810602.845,3124892.524
-139.257,58.061,-10684917.429,6138065.387,-13811080.902,3126163.474
-138.988,57.993,-10670892.673,6131295.060,-13819603.274,3148710.601
-138.561,57.919,-10645156.409,6123977.072,-13828800.952,3183644.544
-138.154,57.825,-10622957.833,6114572.493,-13840599.699,3217641.866
-137.768,57.741,-10601191.585,6106301.702,-13850956.047,3249764.462
-137.250,57.706,-10564687.357,6102788.878,-13855349.004,3290661.647
-136.951,57.617,-10550096.180,6093907.029,-13866441.137,3316344.957
-136.750,57.539,-10541929.951,6086184.730,-13876067.626,3334137.675
-136.700,57.458,-10545667.755,6078179.785,-13886029.231,3340361.476
-136.517,57.275,-10548697.160,6059932.120,-13908671.630,3359974.471
-136.300,57.125,-10545946.183,6044986.891,-13927148.297,3381202.114
-136.266,57.110,-10544679.000,6043488.475,-13928997.401,3384318.400
-136.267,56.907,-10563651.464,6023215.646,-13953954.342,3390302.878
-136.194,56.720,-10575354.921,6004547.953,-13976835.542,3401480.621
-135.947,56.237,-10600509.053,5956277.203,-14035557.605,3435048.553
-135.748,55.978,-10608648.251,5930275.256,-14066923.595,3458275.344
-135.501,55.707,-10613925.300,5903022.322,-14099598.563,3485673.264
-135.296,55.484,-10617972.942,5880582.857,-14126348.477,3508375.535
-135.073,55.261,-10620457.804,5858115.286,-14152992.418,3532534.614
-134.786,55.120,-10610437.326,5843921.346,-14169752.769,3559315.443
-135.124,55.010,-10646900.273,5832818.593,-14182824.106,3535923.833
-134.977,54.839,-10650506.011,5815533.653,-14203103.951,3552597.940
-134.850,54.815,-10642565.387,5813161.043,-14205881.350,3563315.963
-134.779,54.465,-10667876.040,5777725.216,-14247172.059,3579296.018
-134.604,54.477,-10652951.466,5778950.023,-14245750.913,3592799.447
-134.488,54.475,-10643958.333,5778749.996,-14245983.035,3602024.702
-134.300,54.245,-10649117.389,5755506.642,-14272876.061,3623758.672
-134.129,54.204,-10639170.106,5751331.785,-14277689.576,3638519.469
-134.064,54.133,-10640173.443,5744172.796,-14285931.646,3645758.203
-134.248,54.086,-10658940.749,5739342.019,-14291484.607,3632543.857
-133.888,53.827,-10652618.828,5713120.182,-14321503.442,3668884.615
-133.752,53.704,-10652472.513,5700565.854,-14335801.216,3683328.703
-133.646,53.404,-10669691.815,5670044.019,-14370356.832,3700665.017
-133.293,53.215,-10657462.702,5650869.629,-14391914.416,3734451.715
-133.040,52.962,-10658523.001,5625075.960,-14420726.728,3762203.727
-132.705,52.703,-10653241.576,5598649.528,-14450019.043,3796777.467
-132.222,52.403,-10639255.697,5567977.852,-14483723.259,3844467.562
-131.875,52.168,-10630540.240,5543891.258,-14509965.780,3879425.539
-131.839,52.032,-10638688.273,5530029.526,-14524976.833,3886288.560
-131.704,51.979,-10632051.005,5524603.016,-14530834.903,3898783.897
-131.539,52.009,-10616369.921,5527617.907,-14527581.524,3911211.603
-131.318,52.019,-10597606.365,5528727.493,-14526383.360,3928776.994
-130.850,51.612,-10592442.301,5486958.045,-14571185.435,3978743.134
-131.074,51.185,-10644339.699,5443094.878,-14617553.030,3973213.331
-130.753,50.908,-10639915.833,5414545.014,-14647349.201,4007433.367
-130.254,50.465,-10633309.699,5368908.343,-14694333.732,4061024.032
-130.329,50.298,-10652108.728,5351699.254,-14711841.347,4059732.620
-130.162,50.217,-10644557.406,5343369.030,-14720274.220,4075716.814
-130.300,50.055,-10668028.095,5326659.031,-14737107.116,4069079.020
-130.162,49.983,-10662174.843,5319147.203,-14744637.235,4082462.392
-130.457,49.487,-10723168.013,5267871.019,-14795451.699,4072283.686
-129.705,49.177,-10683943.544,5235733.020,-14826798.026,4142854.482
-128.872,48.798,-10642418.813,5196406.673,-14864661.532,4222242.718
-129.087,48.408,-10687754.654,5155939.651,-14903089.246,4215334.592
-128.940,48.324,-10681512.205,5147146.521,-14911371.156,4229858.951
-129.190,47.835,-10736247.919,5096336.545,-14958778.740,4222530.821
-128.938,47.727,-10722782.431,5085043.223,-14969216.504,4246434.073
-129.259,47.065,-10794813.159,5015956.232,-15032348.762,4237535.603
-129.620,46.455,-10866168.465,4952266.109,-15089560.037,4223391.572
-129.733,46.317,-10884911.751,4937785.161,-15102450.197,4217538.446
-129.936,46.017,-10922003.522,4906369.451,-15130278.627,4208275.105
-129.856,45.980,-10917814.558,4902490.218,-15133702.565,4215888.007
-129.936,45.736,-10940741.554,4876950.992,-15156180.579,4215439.025
-129.948,45.589,-10951523.789,4861531.777,-15169700.464,4218176.675
-130.069,45.285,-10981820.106,4829663.436,-15197530.688,4215710.582
-130.367,44.929,-11030491.334,4792292.584,-15229992.560,4199501.226
-130.480,44.589,-11062452.328,4756526.934,-15260893.769,4198441.441
-129.498,44.208,-11004001.931,4716374.591,-15295374.041,4291372.110
-128.401,43.827,-10935186.420,4676302.085,-15329538.487,4394352.066
-127.367,43.469,-10869657.868,4638587.683,-15361443.992,4491786.124
-126.550,43.184,-10817738.343,4608512.141,-15386700.031,4568961.688
-126.879,42.479,-10889324.640,4534142.882,-15448366.464,4559041.824
-127.024,42.395,-10906940.662,4525206.405,-15455695.739,4548755.077
-127.241,41.692,-10968105.345,4450901.443,-15515902.595,4547797.250
-127.403,41.638,-10985288.071,4445164.976,-15520493.489,4535205.418
-127.413,41.205,-11011946.184,4399341.871,-15556852.296,4544906.113
-127.499,40.692,-11049347.221,4344985.161,-15599222.640,4549875.420
-127.071,40.676,-11013227.018,4343285.702,-15600533.435,4587306.417
-127.083,40.400,-11030083.442,4313977.460,-15623001.212,4592917.770
-126.795,40.378,-11006349.804,4311627.792,-15624791.044,4618441.241
-126.159,40.390,-10950428.300,4312990.389,-15623753.311,4673325.011
-125.925,40.375,-10930997.564,4311341.691,-15625008.861,4694011.298
-125.840,40.243,-10931059.966,4297341.581,-15635636.182,4704576.216
-125.671,40.152,-10921467.279,4287661.824,-15642947.689,4721480.410
-125.492,40.030,-10912673.773,4274732.911,-15652666.456,4739992.684
-125.323,39.931,-10903440.855,4264207.290,-15660538.013,4757097.158
-125.192,39.797,-10899394.532,4250013.087,-15671096.866,4771702.334
-124.819,39.642,-10875420.517,4233504.157,-15683296.147,4807875.630
-124.725,39.556,-10871896.322,4224388.783,-15689994.806,4818098.484
-124.547,39.262,-10872082.200,4193156.496,-15712749.191,4840666.991
-124.449,39.180,-10867853.137,4184459.435,-15719031.762,4851178.625
-124.434,39.059,-10872978.965,4171622.957,-15728262.419,4855283.455
-124.171,38.676,-10869944.327,4130875.227,-15757236.689,4887292.362
-124.244,38.585,-10881078.540,4121215.013,-15764034.009,4882955.469
-124.073,38.375,-10876791.620,4098855.756,-15779663.590,4902871.970
-123.894,38.286,-10865693.273,4089368.136,-15786252.547,4920559.274
-123.824,38.216,-10863098.424,4081912.809,-15791412.308,4928313.884
-123.818,38.126,-10867041.914,4072423.246,-15797957.447,4930915.533
-123.729,37.948,-10868164.166,4053440.940,-15810975.089,4942810.924
-123.531,37.719,-10862211.334,4029029.062,-15827571.813,4965360.479
-123.385,37.566,-10856855.803,4012750.814,-15838550.097,4981694.295
-123.327,37.394,-10860218.469,3994434.399,-15850819.615,4990601.146
-123.385,37.165,-10876390.091,3970007.127,-15867047.741,4990657.649
-123.162,37.037,-10862865.122,3956433.851,-15875999.626,5013134.504
-123.053,36.948,-10857580.975,3946931.498,-15882239.240,5024658.265
-122.850,36.891,-10842327.703,3940822.390,-15886238.908,5043911.205
-122.453,36.867,-10808434.831,3938294.634,-15887891.158,5079456.327
-122.296,36.865,-10794694.729,3938024.698,-15888067.506,5093372.777
-122.268,36.837,-10793552.568,3935055.365,-15890006.192,5096453.623
-122.424,36.680,-10814729.009,3918300.888,-15900905.008,5086175.999
-122.496,36.434,-10832587.056,3892126.138,-15917797.016,5085209.960
-122.600,36.386,-10844012.190,3886995.161,-15921089.367,5077077.177
-122.617,36.243,-10852185.013,3871754.904,-15930832.400,5078647.387
-122.438,35.914,-10851482.012,3836643.008,-15953077.844,5101595.832
-122.266,35.649,-10848281.666,3808394.173,-15970776.744,5122495.078
-122.252,35.463,-10855390.342,3788540.334,-15983113.147,5127722.805
-121.976,35.046,-10849394.001,3744060.301,-16010453.870,5161059.869
-121.985,34.993,-10852519.591,3738358.010,-16013930.296,5161410.705
-122.080,34.983,-10861446.709,3737337.503,-16014551.708,5153104.999
-122.099,34.932,-10865393.694,3731894.697,-16017862.468,5152468.774
-122.023,34.905,-10859818.280,3728966.072,-16019641.457,5159823.178
-121.819,34.677,-10851581.582,3704678.272,-16034328.809,5182747.227
-121.647,34.502,-10843844.704,3685964.762,-16045563.846,5201719.142
-121.622,34.397,-10846204.870,3674718.977,-16052281.005,5206076.135
-121.538,34.352,-10840630.698,3669971.861,-16055108.655,5214477.956
-121.532,34.292,-10842657.408,3663506.304,-16058952.398,5216294.989
-121.422,34.132,-10839649.536,3646443.718,-16069054.216,5229404.681
-121.322,34.159,-10829523.815,3649352.902,-16067336.154,5237812.340
-121.193,33.982,-10825565.527,3630394.032,-16078500.560,5252935.033
-121.114,33.867,-10823352.037,3618164.982,-16085661.557,5262309.520
-121.003,33.831,-10814941.516,3614269.637,-16087935.867,5272994.351
-120.967,33.639,-10819677.932,3593809.157,-16099828.259,5280150.327
-120.855,33.429,-10818371.013,3571380.888,-16112760.125,5294389.112
-120.649,33.090,-10813835.836,3535110.396,-16133438.847,5319603.012
-120.498,32.826,-10810833.186,3506950.402,-16149290.446,5338457.260
-120.283,32.634,-10799238.840,3486425.750,-16160730.333,5361491.492
-120.238,32.415,-10803857.225,3463036.056,-16173648.666,5369791.440
-120.127,32.241,-10800623.092,3444419.011,-16183839.786,5383216.694
-120.011,32.227,-10790700.136,3442986.905,-16184620.355,5393920.219
-119.921,32.147,-10785779.848,3434394.202,-16189293.627,5403513.779
-119.688,31.874,-10775266.503,3405186.505,-16205047.219,5429780.715
-119.279,31.431,-10755042.637,3357845.409,-16230143.165,5475100.528
-118.931,31.094,-10736043.391,3321889.280,-16248834.407,5512791.016
-118.433,30.865,-10699396.959,3297382.063,-16261387.857,5561990.898
-118.205,30.809,-10680746.652,3291440.323,-16264408.421,5583661.769
-118.036,30.658,-10670840.146,3275314.339,-16272560.675,5601720.529
-117.715,30.538,-10645986.621,3262443.444,-16279019.249,5633032.627
-117.479,30.271,-10633940.705,3233949.569,-16293163.940,5659223.236
-117.317,29.952,-10630113.315,3199868.352,-16309800.786,5679687.471
-117.045,29.816,-10610028.857,3185343.170,-16316797.331,5706768.474
-116.983,29.492,-10615036.359,3150707.390,-16333253.169,5718216.810
-116.643,29.252,-10591976.656,3125010.892,-16345254.492,5753277.837
-116.570,28.886,-10596937.172,3085909.038,-16363177.593,5766240.421
-116.329,28.649,-10582403.711,3060635.537,-16374544.366,5792140.655
-116.071,28.341,-10568328.282,3027685.007,-16389106.901,5820778.618
-115.847,27.881,-10561530.043,2978560.466,-16410277.207,5848747.165
-115.503,27.468,-10542046.506,2934460.268,-16428730.958,5886684.451
-115.429,27.358,-10538423.763,2922684.970,-16433570.066,5895146.303
-115.319,27.308,-10529782.717,2917360.711,-16435745.876,5905963.158
-115.053,27.113,-10510889.046,2896501.840,-16444196.749,5933307.703
-114.817,26.930,-10494302.067,2876968.803,-16452004.552,5957702.486
-114.608,26.587,-10484358.264,2840290.069,-16466389.020,5982030.756
-114.459,26.410,-10475294.366,2821439.471,-16473641.139,5998346.773
-114.293,26.112,-10467767.149,2789620.133,-16485665.895,6017898.746
-114.091,25.872,-10455244.394,2763971.714,-16495160.506,6039916.112
-113.985,25.751,-10448555.019,2751059.153,-16499873.577,6051318.558
-113.891,25.572,-10444313.426,2731942.892,-16506768.661,6062455.235
-113.621,25.201,-10428369.365,2692246.510,-16520772.823,6092403.458
-113.337,24.870,-10409955.753,2656879.902,-16532893.082,6122937.329
-113.080,24.525,-10394080.225,2620069.498,-16545160.055,6151079.830
-112.892,24.417,-10379102.501,2608490.084,-16548949.144,6169846.643
-112.918,24.295,-10384189.070,2595528.960,-16553152.347,6168963.276
-112.553,23.998,-10356974.663,2563770.326,-16563288.076,6206313.414
-112.385,23.924,-10342991.984,2555830.619,-16565787.091,6222795.107
-112.150,23.642,-10327239.780,2525697.253,-16575150.784,6247911.004
-111.823,23.328,-10303430.964,2492176.981,-16585354.544,6281923.579
-111.612,23.137,-10287779.746,2471787.822,-16591459.081,6303679.335
-111.474,23.060,-10276638.666,2463560.593,-16593901.635,6317262.970
-111.227,23.009,-10254804.852,2458114.398,-16595512.196,6340707.345
-111.057,22.907,-10241125.100,2447218.705,-16598719.483,6357594.383
-110.728,22.816,-10212527.337,2437447.993,-16601579.238,6389051.902
-110.617,22.758,-10203381.188,2431329.065,-16603362.488,6399981.300
-110.396,22.668,-10184760.553,2421708.832,-16606154.480,6421393.927
-110.225,22.662,-10169046.855,2421088.784,-16606333.951,6437287.096
-109.955,22.681,-10143800.225,2423054.649,-16605764.740,6461964.515
-109.650,22.643,-10116373.863,2419005.726,-16606936.464,6490562.601
-109.382,22.456,-10095139.103,2399016.368,-16612686.142,6517547.039
-109.080,22.200,-10071976.185,2371721.856,-16620448.137,6548471.952
-108.880,22.080,-10055732.114,2358818.964,-16624084.211,6568352.097
-108.676,21.960,-10039052.721,2345997.510,-16627677.591,6588624.869
-108.582,21.905,-10031357.181,2340132.315,-16629315.104,6597957.923
-108.669,21.774,-10041740.863,2326158.395,-16633201.330,6591460.467
-108.784,21.643,-10054709.358,2312152.410,-16637076.082,6582366.724
-108.868,21.536,-10064373.904,2300742.492,-16640218.454,6575844.551
-108.936,21.451,-10072163.274,2291693.610,-16642702.038,6570538.765
-108.977,21.347,-10077799.749,2280550.767,-16645750.523,6567950.774
-108.809,21.253,-10063920.984,2270497.634,-16648492.102,6584571.118
-108.915,21.068,-10076972.923,2250733.233,-16653859.671,6576886.748
-109.013,20.949,-10088120.660,2238030.599,-16657295.175,6569174.514
-109.111,20.824,-10099372.463,2224676.275,-16660896.182,6561523.719
-109.194,20.739,-10108533.486,2215616.704,-16663333.401,6554799.916
-109.261,20.643,-10116418.121,2205296.488,-16666104.665,6549686.544
-109.285,20.558,-10120104.383,2196301.024,-16668516.163,6548411.780
-109.187,20.500,-10112051.332,2190008.476,-16670201.029,6558149.697
-109.215,20.397,-10116416.122,2179090.001,-16673120.927,6556704.805
-109.319,20.242,-10128734.451,2162530.685,-16677541.884,6548807.433
-109.378,20.176,-10135353.877,2155415.528,-16679439.172,6544085.296
-109.373,20.142,-10135477.097,2151793.851,-16680404.464,6544927.367
-109.450,20.027,-10144597.401,2139539.984,-16683668.636,6539071.235
-109.160,19.806,-10121521.043,2115970.623,-16689939.425,6568418.383
-108.903,19.625,-10100799.803,2096633.799,-16695076.945,6594277.142
-108.534,19.384,-10070703.951,2070801.568,-16701924.845,6631220.894
-108.198,19.224,-10042246.953,2053686.947,-16706449.764,6664202.811
-108.233,19.107,-10047464.717,2041272.987,-16709724.845,6662260.127
-107.816,18.936,-10011638.470,2022972.568,-16714540.742,6702902.272
-107.523,18.863,-9985650.638,2015195.165,-16716582.636,6730931.998
-107.272,18.756,-9964127.159,2003753.417,-16719580.960,6755453.800
-107.002,18.647,-9940857.443,1992108.697,-16722625.182,6781767.739
-106.756,18.590,-9918948.817,1985997.894,-16724219.595,6805270.778
-106.527,18.544,-9898421.544,1981137.030,-16725486.289,6827064.745
-106.244,18.520,-9872527.596,1978519.642,-16726167.759,6853640.162
-105.795,18.427,-9832285.250,1968608.186,-16728744.436,6896459.186
-106.020,17.779,-9863717.930,1899367.894,-16746549.966,6882832.036
-105.323,17.489,-9803435.089,1868418.782,-16754380.970,6950945.881
-105.367,17.031,-9814692.326,1819436.570,-16766583.642,6951891.317
-105.398,16.261,-9829222.618,1737144.446,-16786467.212,6957244.594
-105.357,15.558,-9835550.379,1662052.786,-16803810.551,6968260.172
-105.320,15.108,-9838321.799,1613978.706,-16814450.472,6976128.674
-104.690,15.274,-9777202.289,1631808.854,-16810549.355,7033347.066
-104.563,14.672,-9773367.349,1567463.545,-16824365.433,7050998.084
-104.437,14.070,-9769188.931,1503108.049,-16837461.892,7068272.961
-104.181,13.328,-9754015.292,1423902.806,-16852619.505,7098604.212
-103.927,12.587,-9738398.163,1344676.093,-16866759.065,7128360.902
-103.772,11.890,-9731013.309,1270278.128,-16879142.693,7148129.385
-103.875,11.872,-9740851.188,1268344.465,-16879453.323,7138602.134
-103.807,11.405,-9738993.228,1218368.326,-16887288.729,7148295.501
-103.739,10.937,-9736920.214,1168381.498,-16894761.261,7157841.047
-103.628,10.275,-9732241.380,1097658.529,-16904730.849,7172489.469
-103.598,10.123,-9730680.601,1081484.125,-16906914.305,7176233.704
-104.296,10.017,-9797116.287,1070149.223,-16908423.445,7111307.158
-104.296,9.175,-9803713.024,980158.113,-16919808.471,7116095.447
-104.258,8.456,-9805308.833,903345.675,-16928730.552,7123421.719
-104.229,8.340,-9803375.466,890981.973,-16930101.832,7126726.366
-103.595,8.370,-9743537.074,894237.153,-16929742.490,7186205.416
-102.892,8.439,-9676952.580,901557.302,-16928929.988,7251977.408
-102.810,7.791,-9673492.998,832313.958,-16936375.251,7262882.254
-102.659,7.182,-9663008.082,767239.225,-16942902.763,7279894.681
-102.496,6.495,-9651578.856,693918.535,-16949751.391,7298172.535
-102.360,5.632,-9643245.507,601682.999,-16957670.599,7314425.092
-102.320,4.653,-9644120.440,497118.134,-16965809.999,7321689.560
-102.184,3.778,-9634990.823,403561.967,-16972308.269,7337317.446
-102.259,3.751,-9642167.816,400696.727,-16972493.442,7330325.626
-102.199,3.458,-9637623.450,369442.963,-16974453.967,7336830.517
-102.219,3.239,-9640302.394,345996.496,-16975850.193,7335547.799
-102.193,3.072,-9638426.185,328208.931,-16976864.494,7338438.309
-102.145,2.889,-9634506.568,308612.696,-16977935.114,7343428.546
-102.118,2.893,-9631946.355,309059.254,-16977911.277,7345964.923
-102.096,2.798,-9630173.598,298951.857,-16978444.285,7348270.687
-102.109,2.786,-9631439.782,297596.156,-16978514.732,7347074.950
-102.068,2.635,-9628034.788,281537.136,-16979330.073,7351295.285
-101.939,2.223,-9617050.750,237529.128,-16981376.462,7364325.712
-102.005,2.064,-9623668.256,220525.778,-16982089.894,7358421.638
-101.983,1.937,-9621885.216,206934.051,-16982627.878,7360742.662
-102.029,1.786,-9626523.302,190828.721,-16983227.235,7356703.933
-102.104,1.567,-9634057.678,167357.275,-16984024.542,7349966.863
-102.134,1.431,-9637200.918,152865.150,-16984470.421,7347269.503
-102.144,1.327,-9638343.650,141801.270,-16984786.373,7346442.723
-102.127,1.180,-9636925.892,126062.511,-16985198.594,7348272.702
-102.144,0.807,-9639011.230,86262.870,-16986039.526,7347028.296
-102.161,0.593,-9640840.107,63358.164,-16986387.690,7345547.583
-102.181,0.359,-9642826.962,38387.456,-16986649.686,7343822.723
-102.212,0.106,-9645847.998,11335.855,-16986790.542,7340942.545
-102.266,-0.330,-9650928.406,-35276.134,-16986673.544,7335745.138
-102.348,-0.860,-9658230.911,-91876.405,-16985938.824,7327707.912
-102.399,-1.283,-9662434.498,-137104.227,-16984914.009,7322479.511
-102.462,-1.533,-9667938.157,-163740.709,-16984139.176,7316201.019
-102.481,-1.729,-9669377.713,-184718.450,-16983443.597,7314065.884
-102.508,-1.951,-9671402.230,-208429.890,-16982570.099,7311167.869
-102.598,-2.421,-9678628.654,-258640.555,-16980429.961,7301801.306
-102.614,-2.657,-9679472.973,-283853.259,-16979214.680,7299741.707
-102.393,-2.731,-9658395.783,-291708.517,-16978817.774,7320421.991
-102.458,-2.941,-9663858.661,-314193.611,-16977635.313,7313776.653
-102.519,-3.283,-9668413.311,-350717.975,-16975574.362,7307161.050
-102.579,-3.841,-9671974.827,-410311.681,-16971868.557,7299893.729
-102.974,-3.728,-9709721.385,-398308.493,-16972647.106,7262925.720
-103.630,-3.705,-9771622.149,-395813.427,-16972806.976,7201184.826
-103.801,-4.016,-9786487.164,-429038.245,-16970623.496,7184136.332
-104.575,-4.126,-9858960.567,-440777.647,-16969824.737,7110864.170
-104.682,-4.525,-9867332.671,-483415.837,-16966812.640,7099479.969
-105.544,-4.569,-9948382.632,-488153.845,-16966467.765,7018085.133
-106.253,-4.494,-10015557.264,-480094.423,-16967053.236,6951495.972
-106.450,-5.043,-10031533.226,-538780.622,-16962667.737,6931134.511
-106.587,-5.624,-10041527.161,-600806.351,-16957742.398,6916215.237
-106.741,-5.620,-10056055.829,-600386.501,-16957776.761,6901720.932
-106.752,-6.019,-10054979.507,-642996.537,-16954214.547,6899235.040
-106.845,-6.016,-10063752.993,-642724.115,-16954237.809,6890484.816
-106.939,-6.383,-10070545.559,-681892.066,-16950826.418,6880280.859
-107.376,-6.295,-10112227.893,-672508.941,-16951656.057,6839428.164
-107.543,-6.819,-10124969.809,-728513.683,-16946584.210,6821614.401
-107.653,-7.186,-10133053.353,-767690.057,-16942859.034,6809805.681
-107.768,-7.653,-10140897.506,-817638.125,-16937885.935,6796988.429
-107.923,-8.228,-10151596.065,-879023.193,-16931411.649,6779815.583
-108.033,-8.602,-10159286.664,-918970.967,-16926972.310,6767685.646
-108.246,-9.020,-10176199.584,-963626.877,-16921788.566,6745588.982
-109.038,-9.035,-10250537.220,-965268.890,-16921593.386,6671056.166
-109.756,-8.925,-10318889.275,-953428.663,-16922993.453,6604104.179
-109.946,-9.602,-10331346.496,-1025844.745,-16914158.786,6582812.290
-110.029,-9.769,-10337777.918,-1043624.855,-16911887.974,6574110.055
-110.154,-10.149,-10346233.704,-1084264.885,-16906541.434,6560307.730
-110.299,-10.742,-10354465.206,-1147580.133,-16897765.875,6543300.669
-110.375,-11.021,-10358948.084,-1177424.842,-16893435.922,6534487.838
-110.485,-11.394,-10365614.994,-1217267.954,-16887457.110,6521842.117
-110.615,-11.851,-10373078.936,-1266084.202,-16879815.707,6506736.770
-110.750,-12.281,-10381133.103,-1312055.707,-16872293.286,6491160.183
-110.824,-12.656,-10383848.949,-1352116.574,-16865473.553,6481624.603
-110.873,-12.958,-10384970.332,-1384296.602,-16859813.233,6474842.900
-111.008,-13.528,-10390696.647,-1445272.723,-16848632.272,6457935.626
-111.266,-13.541,-10414728.308,-1446647.351,-16848373.227,6433644.919
-111.846,-13.465,-10469975.377,-1438442.650,-16849914.774,6379939.397
-112.426,-13.386,-10525242.844,-1430088.383,-16851473.074,6326230.231
-112.439,-13.865,-10520393.599,-1481186.136,-16841761.737,6321368.137
-112.581,-14.062,-10531095.016,-1502264.077,-16837628.933,6306533.917
-112.613,-14.718,-10525149.068,-1572356.438,-16823340.399,6298191.330
-112.766,-14.704,-10539648.286,-1570839.428,-16823658.652,6284010.366
-112.869,-15.248,-10541448.592,-1628956.458,-16811177.086,6269728.494
-112.973,-15.792,-10542971.560,-1687061.976,-16798127.702,6255156.142
-113.083,-16.900,-10535612.753,-1805411.745,-16770030.158,6234417.405
-113.250,-17.701,-10537733.175,-1891022.847,-16748670.021,6210936.846
-113.437,-18.768,-10536600.390,-2005032.734,-16719246.057,6182645.667
-113.498,-19.301,-10532786.770,-2061923.756,-16704273.368,6171486.597
-113.697,-19.968,-10539309.739,-2133170.814,-16685363.317,6146053.578
-113.796,-20.321,-10542123.521,-2170938.542,-16675298.198,6133174.677
-113.931,-20.575,-10550045.621,-2198021.059,-16668055.330,6118009.709
-114.087,-20.599,-10564041.194,-2200670.555,-16667345.228,6103304.033
-114.229,-21.121,-10567650.481,-2256438.201,-16652313.218,6084662.737
-114.318,-21.564,-10567687.738,-2303691.123,-16639407.555,6071719.817
-114.379,-21.627,-10572141.041,-2310464.426,-16637541.746,6065400.705
-114.421,-22.114,-10566802.224,-2362546.105,-16623035.984,6056233.760
-114.505,-22.196,-10572995.758,-2371263.752,-16620577.585,6047581.827
-114.498,-22.543,-10565638.974,-2408281.595,-16610028.256,6044389.282
-114.554,-23.082,-10560105.395,-2465878.590,-16593214.628,6033109.233
-115.054,-23.203,-10603734.582,-2478855.689,-16589351.342,5985616.761
-115.091,-23.478,-10601479.624,-2508212.581,-16580500.060,5979020.435
-115.204,-23.501,-10611409.666,-2510669.698,-16579751.917,5968342.251
-115.568,-23.543,-10644022.218,-2515145.493,-16578386.136,5934363.918
-115.424,-23.884,-10623563.539,-2551628.541,-16567104.216,5943540.677
-115.402,-24.017,-10618673.602,-2565836.899,-16562635.382,5943961.780
-115.482,-24.105,-10624128.796,-2575205.835,-16559664.564,5935535.769
-115.860,-24.259,-10655514.799,-2591675.041,-16554394.547,5898879.748
-115.968,-24.383,-10662692.537,-2604882.854,-16550122.936,5887430.399
-116.184,-24.458,-10680858.121,-2612937.690,-16547497.606,5866639.485
-116.225,-24.556,-10682420.244,-2623353.392,-16544079.535,5861659.291
-116.099,-24.848,-10664139.281,-2654514.802,-16533691.682,5869552.401
-116.490,-25.172,-10692382.186,-2689179.940,-16521837.012,5829454.826
-116.353,-25.416,-10673913.021,-2715223.682,-16512718.570,5838805.549
-116.028,-25.674,-10637750.240,-2742784.149,-16502870.370,5865120.129
-115.769,-25.968,-10606629.053,-2774179.451,-16491402.962,5884773.909
-115.518,-26.243,-10576574.449,-2803630.540,-16480404.793,5903830.344
-115.291,-26.466,-10549996.855,-2827398.689,-16471358.856,5921362.001
-115.105,-26.604,-10529337.249,-2842151.006,-16465667.910,5936330.661
-114.526,-26.725,-10473166.894,-2855087.361,-16460629.385,5987462.491
-113.944,-26.790,-10418231.132,-2861988.191,-16457923.223,6039692.091
-113.608,-26.809,-10387003.129,-2864028.532,-16457120.653,6070117.524
-112.976,-26.830,-10328655.128,-2866314.570,-16456220.110,6127564.981
-113.112,-27.014,-10336183.930,-2885980.972,-16448414.911,6112230.981
-113.129,-27.273,-10330741.911,-2913584.682,-16437284.374,6106542.463
-113.133,-27.577,-10322703.843,-2946092.139,-16423914.258,6101210.415
-113.001,-27.607,-10309811.324,-2949339.711,-16422562.972,6112751.648
-112.971,-27.849,-10300256.753,-2975203.009,-16411700.485,6111443.732
-112.955,-28.129,-10290788.227,-3005062.280,-16398936.576,6108148.349
-112.934,-28.379,-10281573.042,-3031813.360,-16387298.312,6105725.270
-113.010,-28.383,-10288389.136,-3032187.281,-16387134.275,6098745.139
-113.021,-28.550,-10284460.630,-3049986.074,-16379282.730,6094822.100
-113.020,-28.787,-10277243.389,-3075381.392,-16367933.198,6090689.809
-112.956,-29.009,-10264686.071,-3099057.223,-16357196.544,6092510.473
-112.842,-29.138,-10250388.858,-3112834.155,-16350879.823,6100490.965
-112.471,-28.976,-10221611.420,-3095552.820,-16358795.206,6137183.786
-112.302,-29.375,-10193979.701,-3138183.570,-16339124.380,6145144.679
-111.933,-29.556,-10154806.474,-3157524.334,-16330039.725,6175233.251
-111.773,-30.025,-10125423.325,-3207606.682,-16306050.642,6180627.318
-111.775,-30.187,-10120339.171,-3224981.943,-16297571.468,6177232.297
-111.797,-30.425,-10114549.579,-3250361.583,-16285042.748,6170493.170
-111.851,-30.624,-10112811.106,-3271691.621,-16274382.877,6161571.770
-111.885,-30.666,-10114501.635,-3276115.826,-16272157.074,6157655.440
-111.951,-31.045,-10107656.735,-3316596.591,-16251558.380,6143901.646
-111.978,-31.386,-10098317.496,-3353101.998,-16232627.384,6134309.888
-111.964,-31.390,-10096905.414,-3353561.519,-16232386.968,6135481.554
-112.023,-31.536,-10097137.067,-3369131.731,-16224209.958,6127072.891
-112.041,-31.774,-10090383.614,-3394511.765,-16210753.657,6120370.043
-112.063,-31.949,-10086137.029,-3413191.065,-16200750.161,6114613.132
-112.065,-32.114,-10080358.039,-3430918.898,-16191178.753,6110820.714
-112.151,-32.343,-10079815.084,-3455303.235,-16177891.550,6098076.465
-112.356,-32.328,-10098780.449,-3453721.810,-16178757.529,6079977.079
-112.415,-32.489,-10098176.931,-3470935.583,-16169299.894,6071122.963
-112.418,-32.794,-10087150.437,-3503512.901,-16151213.139,6064062.702
-112.442,-33.112,-10077352.308,-3537508.486,-16132080.677,6054728.369
-112.460,-33.399,-10068050.110,-3568157.204,-16114609.816,6046559.705
-112.504,-33.650,-10062334.715,-3594957.608,-16099163.130,6036828.415
-112.604,-33.663,-10070783.121,-3596324.799,-16098370.945,6027587.823
-112.628,-33.999,-10059821.178,-3632232.335,-16077421.352,6017600.174
-112.562,-34.300,-10042061.654,-3664354.478,-16058448.657,6016387.003
-112.417,-34.556,-10018913.120,-3691752.823,-16042096.495,6023183.374
-112.187,-34.674,-9993696.437,-3704350.986,-16034525.913,6040829.477
-111.897,-34.820,-9962031.524,-3719917.045,-16025127.451,6063095.927
-111.395,-34.876,-9915105.371,-3725871.470,-16021519.410,6106414.039
-111.244,-35.064,-9894059.264,-3745999.488,-16009270.275,6115211.012
-111.002,-35.264,-9864528.225,-3767261.104,-15996243.460,6131715.235
-110.877,-35.319,-9851173.277,-3773185.700,-15992597.111,6141423.834
-110.704,-35.651,-9822297.446,-3808560.192,-15970673.231,6148375.786
-110.851,-35.949,-9823041.096,-3840378.884,-15950724.088,6127682.992
-110.805,-36.278,-9805291.071,-3875482.330,-15928454.427,6123163.356
-110.739,-36.358,-9796103.333,-3883991.937,-15923013.572,6126910.239
-110.471,-36.410,-9770197.592,-3889579.374,-15919431.946,6149234.354
-110.668,-37.042,-9760704.987,-3956958.924,-15875654.188,6114949.201
-110.814,-37.483,-9754377.613,-4003903.635,-15844487.443,6090109.830
-111.060,-38.148,-9746401.986,-4074664.846,-15796413.635,6050011.649
-111.192,-38.824,-9726900.873,-4146585.095,-15746124.297,6019223.425
-111.227,-39.113,-9716434.682,-4177306.896,-15724181.294,6007746.612
-111.444,-39.786,-9703063.498,-4248824.643,-15671977.981,5968914.483
-111.444,-40.414,-9672018.401,-4315506.906,-15621835.253,5949816.851
-111.504,-40.900,-9652610.934,-4367055.370,-15582122.172,5929511.238
-111.264,-41.445,-9603782.243,-4424728.807,-15536778.475,5932996.232
-111.349,-42.200,-9571359.555,-4504661.462,-15472475.909,5901116.353
-111.501,-42.846,-9549650.582,-4572884.536,-15416387.665,5866737.083
-111.718,-43.425,-9536560.001,-4633967.069,-15365335.293,5828775.292
-111.941,-43.971,-9525351.193,-4691506.147,-15316606.732,5791255.539
-112.198,-44.682,-9507223.813,-4766265.505,-15252496.433,5745272.620
-112.448,-45.432,-9485697.183,-4845033.942,-15184126.070,5698428.887
-112.593,-45.610,-9487713.859,-4863667.465,-15167830.051,5680116.192
-112.675,-45.833,-9481783.358,-4887066.048,-15147290.921,5665507.563
-112.925,-46.581,-9459202.273,-4965430.850,-15077805.256,5618602.983
-113.179,-47.247,-9441032.586,-5034989.961,-15015074.023,5574041.438
-113.254,-47.604,-9425909.111,-5072219.143,-14981027.351,5555118.239
-113.199,-47.872,-9405147.501,-5100112.354,-14955281.164,5550133.663
-113.337,-48.146,-9399800.570,-5128694.572,-14928674.424,5528873.854
-113.364,-48.627,-9372423.983,-5178647.742,-14881590.080,5509166.097
-113.659,-49.313,-9353557.380,-5249858.543,-14813066.471,5459509.091
-113.875,-49.849,-9336765.476,-5305316.574,-14758443.782,5421678.306
-114.556,-49.721,-9400960.588,-5292088.929,-14771578.144,5370617.556
-115.233,-49.589,-9465142.233,-5278450.963,-14785049.438,5319907.205
-116.622,-49.254,-9601272.984,-5243693.354,-14819068.472,5217795.488
-116.881,-49.765,-9588800.339,-5296660.269,-14767046.724,5178246.384
-117.164,-50.487,-9563119.032,-5371253.914,-14691938.500,5128819.467
-117.435,-50.891,-9557313.292,-5412805.165,-14649155.062,5091841.770
-117.820,-51.487,-9546592.453,-5474070.244,-14584882.247,5038289.794
-118.092,-51.997,-9531907.764,-5526410.064,-14528885.297,4996977.533
-118.300,-52.389,-9520053.570,-5566532.558,-14485303.556,4965249.986
-118.464,-52.777,-9504556.415,-5606172.882,-14441703.432,4937147.017
-118.434,-52.958,-9488665.067,-5624655.869,-14421194.184,4932529.118
-117.661,-53.124,-9414387.839,-5641588.428,-14402306.721,4987918.882
-118.037,-53.691,-9401838.678,-5699254.189,-14337292.223,4935453.544
-118.313,-54.350,-9373397.784,-5766153.941,-14260576.615,4887178.831
-118.581,-54.819,-9358330.638,-5813507.649,-14205475.708,4847145.069
-119.685,-54.642,-9459339.874,-5795629.938,-14226353.990,4767014.116
-120.663,-54.410,-9554902.541,-5772178.319,-14253602.657,4698700.116
-121.228,-55.219,-9535230.479,-5853911.110,-14157962.568,4622732.089
-121.648,-55.986,-9506147.342,-5931021.158,-14066026.414,4559879.071
-121.864,-55.967,-9524519.864,-5929155.227,-14068270.493,4543750.629
-122.655,-55.873,-9594069.184,-5919728.644,-14079592.785,4485523.601
-123.442,-55.715,-9668673.791,-5903844.842,-14098615.401,4429941.610
-124.349,-55.503,-9757279.544,-5882523.502,-14124040.546,4366761.002
-125.174,-55.273,-9841137.807,-5859353.062,-14151528.194,4310390.387
-125.645,-55.227,-9882039.405,-5854693.687,-14157037.782,4274998.377
-126.247,-55.078,-9941746.105,-5839679.991,-14174750.175,4233004.071
-127.430,-54.813,-10057195.737,-5812941.969,-14206137.720,4148941.983
-127.786,-55.370,-10038286.256,-5869134.883,-14139941.902,4101655.646
-128.749,-55.161,-10131770.131,-5848028.454,-14164908.791,4033138.660
-129.659,-54.948,-10221563.240,-5826600.890,-14190127.672,3968564.432
-130.205,-54.831,-10274627.740,-5814798.987,-14203964.127,3929336.387
-131.247,-54.569,-10379356.492,-5788310.044,-14234876.110,3855519.618
-132.042,-54.366,-10459694.193,-5767770.021,-14258706.849,3799012.656
-133.423,-54.079,-10593984.082,-5738660.923,-14292266.961,3698282.879
-134.205,-53.887,-10672706.685,-5719190.704,-14314572.507,3641865.822
-134.514,-53.794,-10705366.318,-5709727.669,-14325371.873,3620005.555
-135.239,-54.605,-10691877.948,-5791933.093,-14230659.932,3538781.984
-136.157,-54.367,-10785616.295,-5767845.008,-14258620.072,3473003.777
-137.017,-54.097,-10877756.787,-5740486.215,-14290169.990,3412413.204
-137.499,-54.605,-10870538.339,-5791933.093,-14230659.932,3360121.594
-138.000,-55.283,-10848588.668,-5860369.685,-14150325.266,3301736.598
-138.398,-55.694,-10841982.198,-5901770.720,-14101094.252,3259112.053
-138.592,-56.013,-10827672.478,-5933752.691,-14062739.578,3235067.100
-139.191,-55.986,-10876998.044,-5931044.618,-14065998.192,3189000.148
-139.326,-56.493,-10839928.873,-5981885.354,-14004484.709,3164555.837
-139.806,-56.812,-10847106.043,-6013718.460,-13965607.104,3118501.061
-140.044,-57.114,-10836675.763,-6043876.652,-13928518.434,3091842.671
-141.211,-56.839,-10953446.524,-6016473.428,-13962229.390,3008782.866
-142.489,-56.529,-11082573.217,-5985470.123,-14000120.564,2917547.347
-143.064,-56.299,-11149547.958,-5962435.846,-14028101.196,2878553.239
-144.482,-55.910,-11297777.425,-5923463.925,-14075109.262,2777331.838
-144.857,-55.784,-11339322.028,-5910798.907,-14090295.706,2750973.678
-145.412,-56.228,-11339500.539,-5955301.740,-14036737.663,2697237.124
-145.979,-56.669,-11340210.180,-5999429.714,-13983092.311,2642882.131
-146.681,-57.308,-11330822.197,-6063178.394,-13904650.197,2573828.000
-147.167,-57.638,-11334956.692,-6096032.428,-13863788.788,2528832.096
-148.070,-57.440,-11424684.835,-6076346.000,-13888308.783,2463623.948
-148.703,-58.054,-11410486.795,-6137311.562,-13812030.423,2401543.628
-149.264,-58.822,-11373577.310,-6213256.790,-13715590.603,2342013.293
-149.809,-59.314,-11363231.408,-6261692.985,-13653262.845,2290031.436
-150.382,-59.718,-11363722.154,-6301296.219,-13601827.264,2238105.111
-151.329,-59.469,-11461910.555,-6276948.517,-13633499.858,2171589.302
-152.119,-60.158,-11447320.366,-6344347.122,-13545432.628,2098112.262
-152.943,-60.841,-11434361.010,-6410941.867,-13457202.891,2022841.881
-153.661,-61.399,-11425988.274,-6465135.181,-13384514.544,1958526.270
-154.181,-61.836,-11415656.430,-6507370.893,-13327311.131,1911654.700
-154.324,-61.776,-11432983.141,-6501588.610,-13335171.233,1902188.092
-155.187,-62.254,-11442728.782,-6547639.573,-13272319.840,1829591.058
-155.695,-62.139,-11493302.118,-6536569.548,-13287481.173,1794179.055
-156.551,-62.668,-11495737.122,-6587388.670,-13217604.900,1721867.779
-157.410,-63.112,-11507138.977,-6629935.309,-13158561.596,1651422.619
-158.394,-62.789,-11616982.013,-6598945.510,-13201615.985,1584633.972
-158.703,-63.004,-11614360.264,-6619608.084,-13172938.429,1558578.165
-159.888,-62.595,-11749288.411,-6580434.461,-13227208.508,1477920.097
-160.430,-62.923,-11750355.370,-6611850.705,-13183718.548,1433363.178
-161.338,-62.614,-11853585.977,-6582257.121,-13224692.731,1371106.754
-161.652,-62.470,-11893814.842,-6568397.972,-13243799.468,1349984.626
-163.014,-63.363,-11886565.759,-6653836.448,-13125176.348,1238610.589
-164.221,-62.964,-12023084.442,-6615744.382,-13178309.714,1155225.272
-164.821,-63.136,-12046140.071,-6632138.909,-13155490.128,1109350.057
-165.605,-62.996,-12120473.821,-6618821.864,-13174031.755,1053557.934
-166.057,-63.143,-12135567.760,-6632840.365,-13154512.132,1018944.372
-167.011,-63.644,-12143157.662,-6680608.995,-13087594.782,944437.120
-167.384,-63.510,-12186973.032,-6667853.419,-13105524.696,918551.664
-168.918,-64.145,-12218689.535,-6728176.695,-13020338.017,801648.482
-169.839,-64.764,-12206598.372,-6786597.677,-12936885.562,730287.190
-170.043,-64.858,-12209136.343,-6795524.054,-12924051.809,714915.466
-171.169,-64.307,-12360847.558,-6743466.156,-12998588.165,637740.607
-173.231,-65.090,-12407904.089,-6817242.284,-12892732.842,484828.753
-173.471,-65.018,-12434434.003,-6810524.243,-12902433.955,467999.952
-174.387,-65.385,-12451831.436,-6844953.124,-12852582.363,400750.927
-175.325,-65.632,-12485935.528,-6868085.196,-12818894.542,332959.014
-175.940,-65.241,-12581783.306,-6831479.929,-12872131.234,290347.928
-177.072,-65.607,-12613763.145,-6865724.464,-12822339.874,208576.729
-177.926,-65.862,-12640119.765,-6889570.496,-12787459.718,147339.953
-178.383,-65.937,-12662502.982,-6896522.989,-12777256.865,114753.883
-179.194,-65.730,-12748218.571,-6877215.696,-12805553.221,57334.650
-179.993,-65.458,-12842134.544,-6851795.648,-12842633.980,499.436
-179.996,-61.992,-13306444.738,-6522453.809,-13306765.463,320.726
-179.996,-58.776,-13721091.117,-6208699.676,-13721421.837,330.720
-179.997,-55.887,-14077611.299,-5921161.789,-14077873.012,261.713
-179.997,-53.732,-14332291.804,-5703417.128,-14332558.252,266.447
-179.997,-51.645,-14567336.868,-5490315.317,-14567607.523,270.655
-179.999,-49.704,-14773263.261,-5290308.806,-14773340.543,77.282
-179.515,-49.536,-14750629.184,-5272902.179,-14790510.256,39881.072
-178.909,-49.246,-14729991.358,-5242936.256,-14819804.590,89813.232
-178.553,-49.011,-14724073.681,-5218521.055,-14843434.911,119361.231
-178.512,-48.580,-14763130.151,-5173821.011,-14886173.486,123043.335
-178.874,-48.213,-14828793.558,-5135638.435,-14922174.754,93381.196
-178.742,-47.930,-14845227.834,-5106153.258,-14949677.144,104449.309
-178.421,-47.691,-14841338.638,-5081276.247,-14972690.404,131351.767
-178.289,-47.454,-14852881.178,-5056554.884,-14995395.393,142514.214
